ID,Rank,Hap1,Hap2,Prob
0001,1,A*03:02~C*03:03~B*15:01~DRB4*01:03~DRB1*04:03~DQA1*03:01~DQB1*03:02~DPA1*01:03~DPB1*02:01,A*24:02~C*03:04~B*40:01~DRB5*01:01~DRB1*15:01~DQA1*01:02~DQB1*06:02~DPA1*01:03~DPB1*02:01,0.08131240188833255
0001,2,A*03:02~C*03:03~B*15:01~DRB4*01:03~DRB1*04:03~DQA1*03:01~DQB1*03:02~DPA1*01:03~DPB1*02:01,A*24:02~C*03:04~B*40:01~DRB5*01:01~DRB1*15:01~DQA1*01:02~DQB1*06:02~DPA1*02:02~DPB1*02:01,0.06947029139265089
0001,3,A*03:02~C*03:03~B*15:01~DRB4*01:03~DRB1*04:03~DQA1*03:01~DQB1*03:02~DPA1*01:03~DPB1*02:01,A*24:02~C*03:04~B*40:01~DRB5*01:01~DRB1*15:01~DQA1*01:02~DQB1*06:02~DPA1*02:02~DPB1*05:01,0.058567294340351246
0001,4,A*03:01~C*03:03~B*15:01~DRB5*01:01~DRB1*15:01~DQA1*01:02~DQB1*06:02~DPA1*01:03~DPB1*02:01,A*24:02~C*03:04~B*40:01~DRB4*01:03~DRB1*04:03~DQA1*03:01~DQB1*03:02~DPA1*01:03~DPB1*02:01,0.05717457527760583
0001,5,A*03:01~C*03:04~B*40:01~DRB5*01:01~DRB1*15:01~DQA1*01:02~DQB1*06:02~DPA1*01:03~DPB1*02:01,A*24:02~C*03:03~B*15:07~DRB4*01:03~DRB1*04:03~DQA1*03:01~DQB1*03:02~DPA1*01:03~DPB1*02:01,0.05332403896442852
0001,6,A*03:02~C*03:04~B*40:01~DRB5*01:01~DRB1*15:01~DQA1*01:02~DQB1*06:02~DPA1*02:02~DPB1*05:01,A*24:02~C*03:03~B*15:07~DRB4*01:03~DRB1*04:03~DQA1*03:01~DQB1*03:02~DPA1*01:03~DPB1*02:01,0.05172857774524107
0001,7,A*03:01~C*03:04~B*40:01~DRB5*01:01~DRB1*15:01~DQA1*01:02~DQB1*06:02~DPA1*02:02~DPB1*05:01,A*24:02~C*03:03~B*15:07~DRB4*01:03~DRB1*04:03~DQA1*03:01~DQB1*03:02~DPA1*01:03~DPB1*02:01,0.04507023578147893
0001,8,A*03:01~C*03:04~B*40:01~DRB5*01:02~DRB1*15:02~DQA1*01:03~DQB1*06:01~DPA1*01:03~DPB1*04:01,A*24:02~C*03:03~B*15:07~DRB4*01:03~DRB1*04:03~DQA1*03:01~DQB1*03:02~DPA1*01:03~DPB1*02:01,0.04370314464385622
0001,9,A*03:02~C*03:03~B*15:01~DRB4*01:03~DRB1*04:03~DQA1*03:01~DQB1*03:02~DPA1*01:03~DPB1*04:01,A*24:02~C*03:04~B*40:01~DRB5*01:01~DRB1*15:01~DQA1*01:02~DQB1*06:02~DPA1*01:03~DPB1*02:01,0.04287227330845358
0001,10,A*03:02~C*03:03~B*15:01~DRB4*01:03~DRB1*04:03~DQA1*03:01~DQB1*03:02~DPA1*01:03~DPB1*04:01,A*24:02~C*03:04~B*40:01~DRB5*01:01~DRB1*15:01~DQA1*01:02~DQB1*06:02~DPA1*02:02~DPB1*02:01,0.03662847548758733
0001,11,A*03:01~C*03:03~B*15:05~DRB5*01:02~DRB1*15:02~DQA1*01:03~DQB1*06:01~DPA1*01:03~DPB1*04:01,A*24:02~C*03:04~B*40:01~DRB4*01:03~DRB1*04:03~DQA1*03:01~DQB1*03:02~DPA1*01:03~DPB1*02:01,0.03220565467131107
0001,12,A*03:02~C*03:03~B*15:01~DRB4*01:03~DRB1*04:03~DQA1*03:01~DQB1*03:02~DPA1*01:03~DPB1*04:01,A*24:02~C*03:04~B*40:01~DRB5*01:01~DRB1*15:01~DQA1*01:02~DQB1*06:02~DPA1*02:02~DPB1*05:01,0.030879828803291983
0001,13,A*03:01~C*03:03~B*15:01~DRB5*01:02~DRB1*15:02~DQA1*01:03~DQB1*06:01~DPA1*01:03~DPB1*04:01,A*24:02~C*03:04~B*40:01~DRB4*01:03~DRB1*04:03~DQA1*03:01~DQB1*03:02~DPA1*01:03~DPB1*02:01,0.02278100852586283
0001,14,A*03:02~C*03:04~B*40:01~DRB5*01:02~DRB1*15:02~DQA1*01:03~DQB1*06:01~DPA1*01:03~DPB1*04:01,A*24:02~C*03:03~B*15:07~DRB4*01:03~DRB1*04:03~DQA1*03:01~DQB1*03:02~DPA1*01:03~DPB1*02:01,0.020294442268465697
0001,15,A*03:02~C*03:03~B*15:01~DRB4*01:03~DRB1*04:03~DQA1*03:01~DQB1*03:02~DPA1*01:03~DPB1*02:01,A*24:02~C*03:04~B*40:01~DRB5*01:02~DRB1*15:02~DQA1*01:03~DQB1*06:01~DPA1*01:03~DPB1*04:01,0.018282694174064192
0001,16,A*03:01~C*03:03~B*15:01~DRB4*01:03~DRB1*04:03~DQA1*03:01~DQB1*03:02~DPA1*01:03~DPB1*04:01,A*24:02~C*03:04~B*40:01~DRB5*01:01~DRB1*15:01~DQA1*01:02~DQB1*06:02~DPA1*01:03~DPB1*02:01,0.016954819736658893
0001,17,A*03:01~C*03:03~B*15:05~DRB5*01:02~DRB1*15:02~DQA1*01:03~DQB1*06:01~DPA1*01:03~DPB1*04:01,A*24:02~C*03:04~B*40:01~DRB4*01:03~DRB1*04:03~DQA1*03:01~DQB1*03:02~DPA1*02:02~DPB1*05:01,0.015964339596013184
0001,18,A*03:01~C*03:03~B*15:01~DRB5*01:01~DRB1*15:01~DQA1*01:02~DQB1*06:02~DPA1*02:02~DPB1*05:01,A*24:02~C*03:04~B*40:01~DRB4*01:03~DRB1*04:03~DQA1*03:01~DQB1*03:02~DPA1*01:03~DPB1*02:01,0.015368639607607535
0001,19,A*03:01~C*03:03~B*15:01~DRB4*01:03~DRB1*04:03~DQA1*03:01~DQB1*03:02~DPA1*01:03~DPB1*04:01,A*24:02~C*03:04~B*40:01~DRB5*01:01~DRB1*15:01~DQA1*01:02~DQB1*06:02~DPA1*02:02~DPB1*02:01,0.014485567272174888
0001,20,A*03:01~C*03:03~B*15:01~DRB4*01:03~DRB1*04:03~DQA1*03:01~DQB1*03:02~DPA1*01:03~DPB1*04:01,A*24:02~C*03:04~B*40:01~DRB5*01:01~DRB1*15:01~DQA1*01:02~DQB1*06:02~DPA1*02:02~DPB1*05:01,0.012212133634524728
0001,21,A*03:01~C*03:03~B*15:05~DRB4*01:03~DRB1*04:03~DQA1*03:01~DQB1*03:02~DPA1*01:03~DPB1*04:01,A*24:02~C*03:04~B*40:01~DRB5*01:01~DRB1*15:01~DQA1*01:02~DQB1*06:02~DPA1*01:03~DPB1*02:01,0.011504369515908396
0001,22,A*03:01~C*03:03~B*15:01~DRB5*01:02~DRB1*15:02~DQA1*01:03~DQB1*06:01~DPA1*01:03~DPB1*04:01,A*24:02~C*03:04~B*40:01~DRB4*01:03~DRB1*04:03~DQA1*03:01~DQB1*03:02~DPA1*02:02~DPB1*05:01,0.011292543503874708
0001,23,A*03:01~C*03:04~B*40:01~DRB5*01:02~DRB1*15:02~DQA1*01:03~DQB1*06:01~DPA1*01:03~DPB1*04:01,A*24:02~C*03:03~B*15:07~DRB4*01:03~DRB1*04:03~DQA1*03:01~DQB1*03:02~DPA1*02:02~DPB1*05:01,0.01115303744428047
0001,24,A*03:01~C*03:04~B*40:01~DRB4*01:03~DRB1*04:03~DQA1*03:01~DQB1*03:02~DPA1*01:03~DPB1*02:01,A*24:02~C*03:03~B*15:01~DRB5*01:01~DRB1*15:01~DQA1*01:02~DQB1*06:02~DPA1*02:02~DPB1*05:01,0.009895887882934374
0001,25,A*03:01~C*03:03~B*15:05~DRB4*01:03~DRB1*04:03~DQA1*03:01~DQB1*03:02~DPA1*01:03~DPB1*04:01,A*24:02~C*03:04~B*40:01~DRB5*01:01~DRB1*15:01~DQA1*01:02~DQB1*06:02~DPA1*02:02~DPB1*02:01,0.00982890535759176
0001,26,A*03:01~C*03:04~B*40:01~DRB4*01:03~DRB1*04:06~DQA1*03:01~DQB1*03:02~DPA1*01:03~DPB1*02:01,A*24:02~C*03:03~B*15:05~DRB5*01:02~DRB1*15:02~DQA1*01:03~DQB1*06:01~DPA1*01:03~DPB1*04:01,0.009775354621380223
0001,27,A*03:02~C*03:03~B*15:01~DRB4*01:03~DRB1*04:03~DQA1*03:01~DQB1*03:02~DPA1*01:03~DPB1*04:01,A*24:02~C*03:04~B*40:01~DRB5*01:02~DRB1*15:02~DQA1*01:03~DQB1*06:01~DPA1*01:03~DPB1*04:01,0.00963962007323045
0001,28,A*03:01~C*03:03~B*15:05~DRB5*01:02~DRB1*15:02~DQA1*01:03~DQB1*06:01~DPA1*01:03~DPB1*04:01,A*24:02~C*03:04~B*40:01~DRB4*01:03~DRB1*04:06~DQA1*03:01~DQB1*03:02~DPA1*01:03~DPB1*02:01,0.009285046906014146
0001,29,A*03:01~C*03:04~B*40:01~DRB4*01:03~DRB1*04:03~DQA1*03:01~DQB1*03:02~DPA1*01:03~DPB1*02:01,A*24:02~C*03:03~B*15:01~DRB5*01:01~DRB1*15:01~DQA1*01:02~DQB1*06:02~DPA1*01:03~DPB1*02:01,0.008338945855369909
0001,30,A*03:02~C*03:04~B*40:01~DRB4*01:03~DRB1*04:03~DQA1*03:01~DQB1*03:02~DPA1*01:03~DPB1*04:01,A*24:02~C*03:03~B*15:01~DRB5*01:01~DRB1*15:01~DQA1*01:02~DQB1*06:02~DPA1*02:02~DPB1*05:01,0.008321731521059084
0001,31,A*03:01~C*03:03~B*15:05~DRB4*01:03~DRB1*04:03~DQA1*03:01~DQB1*03:02~DPA1*01:03~DPB1*04:01,A*24:02~C*03:04~B*40:01~DRB5*01:01~DRB1*15:01~DQA1*01:02~DQB1*06:02~DPA1*02:02~DPB1*05:01,0.00828631032894198
0001,32,A*03:01~C*03:04~B*40:01~DRB4*01:03~DRB1*04:03~DQA1*03:01~DQB1*03:02~DPA1*01:03~DPB1*02:01,A*24:02~C*03:03~B*15:05~DRB5*01:02~DRB1*15:02~DQA1*01:03~DQB1*06:01~DPA1*01:03~DPB1*04:01,0.008243972966906776
0001,33,A*03:02~C*03:03~B*15:01~DRB5*01:02~DRB1*15:02~DQA1*01:03~DQB1*06:01~DPA1*01:03~DPB1*04:01,A*24:02~C*03:04~B*40:01~DRB4*01:03~DRB1*04:03~DQA1*03:01~DQB1*03:02~DPA1*01:03~DPB1*02:01,0.008121931083997608
0001,34,A*03:02~C*03:04~B*40:01~DRB4*01:03~DRB1*04:03~DQA1*03:01~DQB1*03:02~DPA1*01:03~DPB1*04:01,A*24:02~C*03:03~B*15:01~DRB5*01:01~DRB1*15:01~DQA1*01:02~DQB1*06:02~DPA1*01:03~DPB1*02:01,0.007012455011410214
0001,35,A*03:01~C*07:02~B*15:01~DRB5*01:02~DRB1*15:02~DQA1*01:03~DQB1*06:01~DPA1*01:03~DPB1*04:01,A*24:02~C*03:04~B*40:01~DRB4*01:03~DRB1*04:03~DQA1*03:01~DQB1*03:02~DPA1*01:03~DPB1*02:01,0.006867646402863899
0001,36,A*03:01~C*03:03~B*15:01~DRB5*01:02~DRB1*15:02~DQA1*01:03~DQB1*06:01~DPA1*01:03~DPB1*04:01,A*24:02~C*03:04~B*40:01~DRB4*01:03~DRB1*04:06~DQA1*03:01~DQB1*03:02~DPA1*01:03~DPB1*02:01,0.0065678755761288685
0001,37,A*03:02~C*03:04~B*40:01~DRB5*01:02~DRB1*15:02~DQA1*01:03~DQB1*06:01~DPA1*01:03~DPB1*04:01,A*24:02~C*03:03~B*15:07~DRB4*01:03~DRB1*04:03~DQA1*03:01~DQB1*03:02~DPA1*02:02~DPB1*05:01,0.0051791393130975905
0001,38,A*03:01~C*03:03~B*15:01~DRB5*01:01~DRB1*15:01~DQA1*01:02~DQB1*06:02~DPA1*01:03~DPB1*02:01,A*24:02~C*03:04~B*40:01~DRB4*01:03~DRB1*04:03~DQA1*03:01~DQB1*03:02~DPA1*01:03~DPB1*04:01,0.004382914566957955
0001,39,A*03:01~C*03:04~B*40:01~DRB5*01:01~DRB1*15:01~DQA1*01:02~DQB1*06:02~DPA1*01:03~DPB1*02:01,A*24:02~C*03:03~B*15:01~DRB4*01:03~DRB1*04:03~DQA1*03:01~DQB1*03:02~DPA1*01:03~DPB1*02:01,0.004307906488864219
0001,40,A*03:02~C*03:04~B*40:01~DRB5*01:01~DRB1*15:01~DQA1*01:02~DQB1*06:02~DPA1*02:02~DPB1*05:01,A*24:02~C*03:03~B*15:01~DRB4*01:03~DRB1*04:03~DQA1*03:01~DQB1*03:02~DPA1*01:03~DPB1*02:01,0.004179013444144674
0001,41,A*03:02~C*03:03~B*15:01~DRB5*01:02~DRB1*15:02~DQA1*01:03~DQB1*06:01~DPA1*01:03~DPB1*04:01,A*24:02~C*03:04~B*40:01~DRB4*01:03~DRB1*04:03~DQA1*03:01~DQB1*03:02~DPA1*02:02~DPB1*05:01,0.004026040374700289
0001,42,A*03:01~C*03:03~B*15:01~DRB4*01:03~DRB1*04:03~DQA1*03:01~DQB1*03:02~DPA1*01:03~DPB1*04:01,A*24:02~C*03:04~B*40:01~DRB5*01:02~DRB1*15:02~DQA1*01:03~DQB1*06:01~DPA1*01:03~DPB1*04:01,0.0038122079390474975
0001,43,A*03:01~C*03:04~B*40:01~DRB5*01:01~DRB1*15:01~DQA1*01:02~DQB1*06:02~DPA1*02:02~DPB1*02:01,A*24:02~C*03:03~B*15:07~DRB4*01:03~DRB1*04:03~DQA1*03:01~DQB1*03:02~DPA1*01:03~DPB1*02:01,0.003792824283609642
0001,44,A*03:01~C*03:04~B*40:01~DRB5*01:01~DRB1*15:01~DQA1*01:02~DQB1*06:02~DPA1*02:02~DPB1*05:01,A*24:02~C*03:03~B*15:01~DRB4*01:03~DRB1*04:03~DQA1*03:01~DQB1*03:02~DPA1*01:03~DPB1*02:01,0.0036411038051186034
0001,45,A*03:01~C*03:03~B*15:05~DRB5*01:02~DRB1*15:02~DQA1*01:03~DQB1*06:01~DPA1*01:03~DPB1*04:01,A*24:02~C*03:04~B*40:01~DRB4*01:03~DRB1*04:06~DQA1*03:01~DQB1*03:02~DPA1*02:02~DPB1*05:01,0.0035801188931882688
0001,46,A*03:01~C*03:04~B*40:01~DRB5*01:02~DRB1*15:02~DQA1*01:03~DQB1*06:01~DPA1*01:03~DPB1*04:01,A*24:02~C*03:03~B*15:01~DRB4*01:03~DRB1*04:03~DQA1*03:01~DQB1*03:02~DPA1*01:03~DPB1*02:01,0.0035306601684960614
0001,47,A*03:01~C*07:02~B*15:01~DRB5*01:02~DRB1*15:02~DQA1*01:03~DQB1*06:01~DPA1*01:03~DPB1*04:01,A*24:02~C*03:04~B*40:01~DRB4*01:03~DRB1*04:03~DQA1*03:01~DQB1*03:02~DPA1*02:02~DPB1*05:01,0.0034042915916354024
0001,48,A*03:01~C*03:04~B*40:01~DRB5*01:02~DRB1*15:02~DQA1*01:03~DQB1*06:01~DPA1*01:03~DPB1*04:01,A*24:02~C*03:03~B*15:01~DRB4*01:03~DRB1*04:06~DQA1*03:01~DQB1*03:02~DPA1*01:03~DPB1*02:01,0.0028948711555658226
0001,49,A*03:01~C*03:03~B*15:01~DRB5*01:01~DRB1*15:01~DQA1*01:02~DQB1*06:02~DPA1*02:02~DPB1*02:01,A*24:02~C*03:04~B*40:01~DRB4*01:03~DRB1*04:03~DQA1*03:01~DQB1*03:02~DPA1*01:03~DPB1*02:01,0.0028853601768933893
0001,50,A*03:01~C*03:03~B*15:05~DRB4*01:03~DRB1*04:03~DQA1*03:01~DQB1*03:02~DPA1*01:03~DPB1*04:01,A*24:02~C*03:04~B*40:01~DRB5*01:02~DRB1*15:02~DQA1*01:03~DQB1*06:01~DPA1*01:03~DPB1*04:01,0.002586700978451361
0001,51,A*03:01~C*03:04~B*40:01~DRB4*01:03~DRB1*04:06~DQA1*03:01~DQB1*03:02~DPA1*01:03~DPB1*02:01,A*24:02~C*03:03~B*15:01~DRB5*01:02~DRB1*15:02~DQA1*01:03~DQB1*06:01~DPA1*01:03~DPB1*04:01,0.002576946737841972
0001,52,A*03:01~C*03:03~B*15:01~DRB5*01:02~DRB1*15:02~DQA1*01:03~DQB1*06:01~DPA1*01:03~DPB1*04:01,A*24:02~C*03:04~B*40:01~DRB4*01:03~DRB1*04:06~DQA1*03:01~DQB1*03:02~DPA1*02:02~DPB1*05:01,0.0025324347497887503
0001,53,A*03:01~C*03:03~B*15:05~DRB5*01:02~DRB1*15:02~DQA1*01:03~DQB1*06:01~DPA1*01:03~DPB1*04:01,A*24:02~C*03:04~B*40:01~DRB4*01:03~DRB1*04:03~DQA1*03:01~DQB1*03:02~DPA1*01:03~DPB1*04:01,0.002468835707339208
0001,54,A*03:02~C*03:03~B*15:01~DRB5*01:02~DRB1*15:02~DQA1*01:03~DQB1*06:01~DPA1*01:03~DPB1*04:01,A*24:02~C*03:04~B*40:01~DRB4*01:03~DRB1*04:06~DQA1*03:01~DQB1*03:02~DPA1*01:03~DPB1*02:01,0.0023415922406169838
0001,55,A*03:02~C*03:03~B*15:01~DRB5*01:01~DRB1*15:01~DQA1*01:02~DQB1*06:02~DPA1*02:02~DPB1*05:01,A*24:02~C*03:04~B*40:01~DRB4*01:03~DRB1*04:03~DQA1*03:01~DQB1*03:02~DPA1*01:03~DPB1*02:01,0.0022987833745708734
0001,56,A*03:01~C*03:04~B*40:01~DRB4*01:03~DRB1*04:03~DQA1*03:01~DQB1*03:02~DPA1*01:03~DPB1*02:01,A*24:02~C*03:03~B*15:01~DRB5*01:02~DRB1*15:02~DQA1*01:03~DQB1*06:01~DPA1*01:03~DPB1*04:01,0.002173248957890824
0001,57,A*03:01~C*03:03~B*15:01~DRB4*01:03~DRB1*04:03~DQA1*03:01~DQB1*03:02~DPA1*02:02~DPB1*05:01,A*24:02~C*03:04~B*40:01~DRB5*01:02~DRB1*15:02~DQA1*01:03~DQB1*06:01~DPA1*01:03~DPB1*04:01,0.002001131115674743
0001,58,A*03:01~C*07:02~B*15:01~DRB5*01:02~DRB1*15:02~DQA1*01:03~DQB1*06:01~DPA1*01:03~DPB1*04:01,A*24:02~C*03:04~B*40:01~DRB4*01:03~DRB1*04:06~DQA1*03:01~DQB1*03:02~DPA1*01:03~DPB1*02:01,0.0019799758655834445
0001,59,A*03:02~C*03:04~B*40:01~DRB4*01:03~DRB1*04:03~DQA1*03:01~DQB1*03:02~DPA1*01:03~DPB1*04:01,A*24:02~C*03:03~B*15:01~DRB5*01:02~DRB1*15:02~DQA1*01:03~DQB1*06:01~DPA1*01:03~DPB1*04:01,0.0018275464081577862
0001,60,A*03:01~C*03:03~B*15:01~DRB5*01:02~DRB1*15:02~DQA1*01:03~DQB1*06:01~DPA1*01:03~DPB1*04:01,A*24:02~C*03:04~B*40:01~DRB4*01:03~DRB1*04:03~DQA1*03:01~DQB1*03:02~DPA1*01:03~DPB1*04:01,0.00174635690135342
0001,61,A*03:01~C*03:04~B*40:01~DRB4*01:03~DRB1*04:06~DQA1*03:01~DQB1*03:02~DPA1*01:03~DPB1*02:01,A*24:07~C*07:02~B*15:35~DRB5*01:02~DRB1*15:02~DQA1*01:03~DQB1*06:01~DPA1*01:03~DPB1*04:01,0.0016823997387195833
0001,62,A*03:02~C*03:04~B*40:01~DRB5*01:02~DRB1*15:02~DQA1*01:03~DQB1*06:01~DPA1*01:03~DPB1*04:01,A*24:02~C*03:03~B*15:01~DRB4*01:03~DRB1*04:03~DQA1*03:01~DQB1*03:02~DPA1*01:03~DPB1*02:01,0.0016395337118878838
0001,63,A*03:01~C*03:04~B*40:01~DRB4*01:03~DRB1*04:03~DQA1*03:01~DQB1*03:02~DPA1*01:03~DPB1*02:01,A*24:02~C*03:03~B*15:07~DRB5*01:01~DRB1*15:01~DQA1*01:02~DQB1*06:02~DPA1*02:02~DPB1*02:01,0.0016096285913073298
0001,64,A*03:01~C*03:04~B*40:01~DRB5*01:01~DRB1*15:01~DQA1*01:02~DQB1*06:02~DPA1*01:03~DPB1*02:01,A*24:02~C*03:03~B*15:07~DRB4*01:03~DRB1*04:03~DQA1*03:01~DQB1*03:02~DPA1*01:03~DPB1*04:01,0.0014893064135320026
0001,65,A*03:02~C*03:04~B*40:01~DRB5*01:01~DRB1*15:01~DQA1*01:02~DQB1*06:02~DPA1*02:02~DPB1*05:01,A*24:02~C*03:03~B*15:07~DRB4*01:03~DRB1*04:03~DQA1*03:01~DQB1*03:02~DPA1*01:03~DPB1*04:01,0.00144474619880666
0001,66,A*03:01~C*03:04~B*40:01~DRB5*01:02~DRB1*15:02~DQA1*01:03~DQB1*06:01~DPA1*01:03~DPB1*04:01,A*24:02~C*03:03~B*15:07~DRB4*01:03~DRB1*04:06~DQA1*03:01~DQB1*03:02~DPA1*01:03~DPB1*02:01,0.0014282246439079396
0001,67,A*03:01~C*03:04~B*40:01~DRB4*01:03~DRB1*04:03~DQA1*03:01~DQB1*03:02~DPA1*01:03~DPB1*02:01,A*24:07~C*07:02~B*15:35~DRB5*01:02~DRB1*15:02~DQA1*01:03~DQB1*06:01~DPA1*01:03~DPB1*04:01,0.0014188393672389303
0001,68,A*03:02~C*03:04~B*40:01~DRB4*01:03~DRB1*04:03~DQA1*03:01~DQB1*03:02~DPA1*01:03~DPB1*04:01,A*24:02~C*03:03~B*15:07~DRB5*01:01~DRB1*15:01~DQA1*01:02~DQB1*06:02~DPA1*02:02~DPB1*02:01,0.0013535821286516253
0001,69,A*03:02~C*03:04~B*40:01~DRB5*01:02~DRB1*15:02~DQA1*01:03~DQB1*06:01~DPA1*01:03~DPB1*04:01,A*24:02~C*03:03~B*15:01~DRB4*01:03~DRB1*04:06~DQA1*03:01~DQB1*03:02~DPA1*01:03~DPB1*02:01,0.0013442921789733543
0001,70,A*03:01~C*03:04~B*40:01~DRB5*01:01~DRB1*15:01~DQA1*01:02~DQB1*06:02~DPA1*02:02~DPB1*05:01,A*24:02~C*03:03~B*15:07~DRB4*01:03~DRB1*04:03~DQA1*03:01~DQB1*03:02~DPA1*01:03~DPB1*04:01,0.0012587829525354012
0001,71,A*03:01~C*03:04~B*40:01~DRB5*01:02~DRB1*15:02~DQA1*01:03~DQB1*06:01~DPA1*01:03~DPB1*04:01,A*24:02~C*03:03~B*15:07~DRB4*01:03~DRB1*04:03~DQA1*03:01~DQB1*03:02~DPA1*01:03~DPB1*04:01,0.0012206009685993672
0001,72,A*03:02~C*03:04~B*40:01~DRB4*01:03~DRB1*04:03~DQA1*03:01~DQB1*03:02~DPA1*01:03~DPB1*04:01,A*24:07~C*07:02~B*15:35~DRB5*01:02~DRB1*15:02~DQA1*01:03~DQB1*06:01~DPA1*01:03~DPB1*04:01,0.0011931420833933908
0001,73,A*03:01~C*03:03~B*15:01~DRB5*01:01~DRB1*15:01~DQA1*01:02~DQB1*06:02~DPA1*02:02~DPB1*05:01,A*24:02~C*03:04~B*40:01~DRB4*01:03~DRB1*04:03~DQA1*03:01~DQB1*03:02~DPA1*01:03~DPB1*04:01,0.0011781361572596315
0001,74,A*03:01~C*03:04~B*40:01~DRB5*01:02~DRB1*15:02~DQA1*01:03~DQB1*06:01~DPA1*01:03~DPB1*04:01,A*24:02~C*07:02~B*15:35~DRB4*01:03~DRB1*04:03~DQA1*03:01~DQB1*03:02~DPA1*02:02~DPB1*05:01,0.0010959319352777596
0001,75,A*03:01~C*03:04~B*40:01~DRB4*01:03~DRB1*04:03~DQA1*03:01~DQB1*03:02~DPA1*01:03~DPB1*02:01,A*24:02~C*03:03~B*15:07~DRB5*01:01~DRB1*15:01~DQA1*01:02~DQB1*06:02~DPA1*02:02~DPB1*05:01,0.0009806530191589626
0001,76,A*03:02~C*03:03~B*15:01~DRB5*01:02~DRB1*15:02~DQA1*01:03~DQB1*06:01~DPA1*01:03~DPB1*04:01,A*24:02~C*03:04~B*40:01~DRB4*01:03~DRB1*04:06~DQA1*03:01~DQB1*03:02~DPA1*02:02~DPB1*05:01,0.0009028687421434488
0001,77,A*03:01~C*03:04~B*40:01~DRB5*01:02~DRB1*15:02~DQA1*01:03~DQB1*06:01~DPA1*01:03~DPB1*02:01,A*24:02~C*03:03~B*15:07~DRB4*01:03~DRB1*04:03~DQA1*03:01~DQB1*03:02~DPA1*01:03~DPB1*04:01,0.0008286516356599961
0001,78,A*03:02~C*03:04~B*40:01~DRB4*01:03~DRB1*04:03~DQA1*03:01~DQB1*03:02~DPA1*01:03~DPB1*04:01,A*24:02~C*03:03~B*15:07~DRB5*01:01~DRB1*15:01~DQA1*01:02~DQB1*06:02~DPA1*02:02~DPB1*05:01,0.0008246588115484022
0001,79,A*03:02~C*03:03~B*15:01~DRB4*01:03~DRB1*04:03~DQA1*03:01~DQB1*03:02~DPA1*01:03~DPB1*04:01,A*24:02~C*03:04~B*40:01~DRB5*01:02~DRB1*15:02~DQA1*01:03~DQB1*06:01~DPA1*01:03~DPB1*02:01,0.000812355866319602
0001,80,A*03:01~C*03:04~B*40:01~DRB5*01:01~DRB1*15:01~DQA1*01:02~DQB1*06:02~DPA1*01:03~DPB1*02:01,A*24:02~C*03:03~B*15:05~DRB4*01:03~DRB1*04:03~DQA1*03:01~DQB1*03:02~DPA1*01:03~DPB1*04:01,0.0008070715043720869
0001,81,A*03:01~C*07:02~B*15:01~DRB5*01:02~DRB1*15:02~DQA1*01:03~DQB1*06:01~DPA1*01:03~DPB1*04:01,A*24:02~C*03:04~B*40:01~DRB4*01:03~DRB1*04:06~DQA1*03:01~DQB1*03:02~DPA1*02:02~DPB1*05:01,0.000763437069966837
0001,82,A*03:01~C*03:04~B*40:01~DRB5*01:02~DRB1*15:02~DQA1*01:03~DQB1*06:01~DPA1*01:03~DPB1*04:01,A*24:02~C*03:03~B*15:01~DRB4*01:03~DRB1*04:03~DQA1*03:01~DQB1*03:02~DPA1*02:02~DPB1*05:01,0.0007252579369857877
0001,83,A*03:02~C*03:03~B*15:01~DRB5*01:01~DRB1*15:01~DQA1*01:02~DQB1*06:02~DPA1*01:03~DPB1*02:01,A*24:02~C*03:04~B*40:01~DRB4*01:03~DRB1*04:03~DQA1*03:01~DQB1*03:02~DPA1*01:03~DPB1*02:01,0.0007015728062387825
0001,84,A*03:01~C*03:04~B*40:01~DRB5*01:01~DRB1*15:01~DQA1*01:02~DQB1*06:02~DPA1*02:02~DPB1*05:01,A*24:02~C*03:03~B*15:05~DRB4*01:03~DRB1*04:03~DQA1*03:01~DQB1*03:02~DPA1*01:03~DPB1*04:01,0.0006821483087361007
0001,85,A*03:01~C*03:04~B*40:01~DRB5*01:02~DRB1*15:02~DQA1*01:03~DQB1*06:01~DPA1*01:03~DPB1*04:01,A*24:02~C*03:03~B*15:01~DRB4*01:03~DRB1*04:06~DQA1*03:01~DQB1*03:02~DPA1*02:02~DPB1*05:01,0.0006762780314763381
0001,86,A*03:02~C*03:04~B*40:01~DRB5*01:02~DRB1*15:02~DQA1*01:03~DQB1*06:01~DPA1*01:03~DPB1*04:01,A*24:02~C*03:03~B*15:07~DRB4*01:03~DRB1*04:06~DQA1*03:01~DQB1*03:02~DPA1*01:03~DPB1*02:01,0.0006632251024129535
0001,87,A*03:01~C*03:04~B*40:01~DRB5*01:02~DRB1*15:02~DQA1*01:03~DQB1*06:01~DPA1*01:03~DPB1*04:01,A*24:02~C*03:03~B*15:05~DRB4*01:03~DRB1*04:03~DQA1*03:01~DQB1*03:02~DPA1*01:03~DPB1*04:01,0.000661457072241601
0001,88,A*03:02~C*03:03~B*15:01~DRB5*01:02~DRB1*15:02~DQA1*01:03~DQB1*06:01~DPA1*01:03~DPB1*04:01,A*24:02~C*03:04~B*40:01~DRB4*01:03~DRB1*04:03~DQA1*03:01~DQB1*03:02~DPA1*01:03~DPB1*04:01,0.0006226146829607438
0001,89,A*03:01~C*03:04~B*40:01~DRB4*01:03~DRB1*04:03~DQA1*03:01~DQB1*03:02~DPA1*01:03~DPB1*02:01,A*24:02~C*03:03~B*15:07~DRB5*01:01~DRB1*15:01~DQA1*01:02~DQB1*06:02~DPA1*01:03~DPB1*02:01,0.0006201456192292461
0001,90,A*03:01~C*03:04~B*40:01~DRB4*01:03~DRB1*04:03~DQA1*03:01~DQB1*03:02~DPA1*01:03~DPB1*02:01,A*24:02~C*03:03~B*15:01~DRB5*01:01~DRB1*15:01~DQA1*01:02~DQB1*06:02~DPA1*02:02~DPB1*02:01,0.0006023821969916525
0001,91,A*03:02~C*03:04~B*40:01~DRB5*01:02~DRB1*15:02~DQA1*01:03~DQB1*06:01~DPA1*01:03~DPB1*04:01,A*24:02~C*03:03~B*15:07~DRB4*01:03~DRB1*04:03~DQA1*03:01~DQB1*03:02~DPA1*01:03~DPB1*04:01,0.0005668108345964419
0001,92,A*03:01~C*03:04~B*40:01~DRB5*01:02~DRB1*15:02~DQA1*01:03~DQB1*06:01~DPA1*01:03~DPB1*04:01,A*24:07~C*07:02~B*15:35~DRB4*01:03~DRB1*04:03~DQA1*03:01~DQB1*03:02~DPA1*02:02~DPB1*05:01,0.0005434878787823985
0001,93,A*03:01~C*07:02~B*15:01~DRB5*01:02~DRB1*15:02~DQA1*01:03~DQB1*06:01~DPA1*01:03~DPB1*04:01,A*24:02~C*03:04~B*40:01~DRB4*01:03~DRB1*04:03~DQA1*03:01~DQB1*03:02~DPA1*01:03~DPB1*04:01,0.0005264631580327329